Menu,Image
나이트로 바닐라 크림,https://image.istarbucks.co.kr/upload/store/skuimg/2019/09/[9200000002487]_20190919181354811.jpg
초콜릿 블랙 콜드 브루,https://image.istarbucks.co.kr/upload/store/skuimg/2020/05/[9200000002742]_20200504090457274.jpg
코코넛 화이트 콜드 브루,https://image.istarbucks.co.kr/upload/store/skuimg/2020/04/[9200000002739]_20200403131524542.jpg
나이트로 쇼콜라 클라우드,https://image.istarbucks.co.kr/upload/store/skuimg/2018/04/[9200000001275]_20180409150826087.jpg
나이트로 콜드 브루,https://image.istarbucks.co.kr/upload/store/skuimg/2017/03/[9200000000479]_20170328134443491.jpg
돌체 콜드 브루,https://image.istarbucks.co.kr/upload/store/skuimg/2019/04/[9200000002081]_20190409153909754.jpg
바닐라 크림 콜드 브루,https://image.istarbucks.co.kr/upload/store/skuimg/2017/04/[9200000000487]_20170405152830656.jpg
제주 비자림 콜드 브루,https://image.istarbucks.co.kr/upload/store/skuimg/2020/02/[9200000002672]_20200220135658603.jpg
콜드 브루,https://image.istarbucks.co.kr/upload/store/skuimg/2016/04/[9200000000038]_20160408135802583.jpg
콜드 브루 몰트,https://image.istarbucks.co.kr/upload/store/skuimg/2018/07/[9200000001636]_20180726125512959.jpg
콜드 브루 플로트,https://image.istarbucks.co.kr/upload/store/skuimg/2018/07/[9200000001635]_20180726125607716.jpg
아이스 커피,https://image.istarbucks.co.kr/upload/store/skuimg/2015/07/[106509]_20150724164325806.jpg
오늘의 커피,https://image.istarbucks.co.kr/upload/store/skuimg/2015/07/[2]_20150724164438965.jpg
블론드 바닐라 더블 샷 마키아또,https://image.istarbucks.co.kr/upload/store/skuimg/2020/04/[9200000002950]_20200416142151248.jpg
아이스 블론드 바닐라 더블 샷 마키아또,https://image.istarbucks.co.kr/upload/store/skuimg/2020/04/[9200000002953]_20200416142415416.jpg
에스프레소 콘 파나,https://image.istarbucks.co.kr/upload/store/skuimg/2015/08/[30]_20150813221811035.jpg
에스프레소 마키아또,https://image.istarbucks.co.kr/upload/store/skuimg/2015/08/[25]_20150813221101511.jpg
아이스 카페 아메리카노,https://image.istarbucks.co.kr/upload/store/skuimg/2015/08/[110563]_20150813222100205.jpg
카페 아메리카노,https://image.istarbucks.co.kr/upload/store/skuimg/2015/08/[94]_20150813222021797.jpg
블론드 카라멜 클라우드 마키아또,https://image.istarbucks.co.kr/upload/store/skuimg/2019/11/[9200000002585]_20191111140325180.jpg
블론드 코코아 클라우드 마키아또,https://image.istarbucks.co.kr/upload/store/skuimg/2019/11/[9200000002589]_20191111140503004.jpg
아이스 블론드 카라멜 클라우드 마키아또,https://image.istarbucks.co.kr/upload/store/skuimg/2019/11/[9200000002587]_20191111140424935.jpg
아이스 블론드 코코아 클라우드 마키아또,https://image.istarbucks.co.kr/upload/store/skuimg/2019/11/[9200000002591]_20191111140547107.jpg
아이스 카라멜 마키아또,https://image.istarbucks.co.kr/upload/store/skuimg/2015/08/[110582]_20150803101947329.jpg
카라멜 마키아또,https://image.istarbucks.co.kr/upload/store/skuimg/2015/08/[126197]_20150813215717145.jpg
아이스 카푸치노,https://image.istarbucks.co.kr/upload/store/skuimg/2015/08/[110601]_20150803101741931.jpg
카푸치노,https://image.istarbucks.co.kr/upload/store/skuimg/2015/08/[38]_20150821164230205.jpg
라벤더 카페 브레베,https://image.istarbucks.co.kr/upload/store/skuimg/2016/12/[9200000000432]_20161213140957549.jpg
럼 샷 코르타도,https://image.istarbucks.co.kr/upload/store/skuimg/2017/12/[9200000001086]_20171218135157757.jpg
스타벅스 돌체 라떼,https://image.istarbucks.co.kr/upload/store/skuimg/2015/07/[128692]_20150723020548334.jpg
아이스 라벤더 카페 브레베,https://image.istarbucks.co.kr/upload/store/skuimg/2016/12/[9200000000433]_20161213162207565.jpg
아이스 스타벅스 돌체 라떼,https://image.istarbucks.co.kr/upload/store/skuimg/2015/08/[128695]_20150803100201827.jpg
아이스 카페 라떼,https://image.istarbucks.co.kr/upload/store/skuimg/2015/08/[110569]_20150813221315558.jpg
카페 라떼,https://image.istarbucks.co.kr/upload/store/skuimg/2015/08/[41]_20150813221357067.jpg
아이스 카페 모카,https://image.istarbucks.co.kr/upload/store/skuimg/2015/08/[110566]_20150813221545188.jpg
아이스 화이트 초콜릿 모카,https://image.istarbucks.co.kr/upload/store/skuimg/2015/08/[110572]_20150803102719365.jpg
카페 모카,https://image.istarbucks.co.kr/upload/store/skuimg/2015/08/[46]_20150803105114955.jpg
화이트 초콜릿 모카,https://image.istarbucks.co.kr/upload/store/skuimg/2015/08/[128192]_20150803101501786.jpg
바닐라 플랫 화이트,https://image.istarbucks.co.kr/upload/store/skuimg/2019/09/[9200000002406]_20190917152957175.jpg
바닐라 스타벅스 더블 샷,https://image.istarbucks.co.kr/upload/store/skuimg/2018/10/[110612]_20181022143635372.jpg
블론드 리스트레토 마키아또,https://image.istarbucks.co.kr/upload/store/skuimg/2019/04/[9200000002191]_20190415144850770.jpg
블론드 에스프레소 토닉,https://image.istarbucks.co.kr/upload/store/skuimg/2019/04/[9200000002188]_20190415144717699.jpg
아이스 블론드 리스트레토 마키아또,https://image.istarbucks.co.kr/upload/store/skuimg/2019/04/[9200000002194]_20190415144953485.jpg
에스프레소,https://image.istarbucks.co.kr/upload/store/skuimg/2015/08/[20]_20150813221922860.jpg
커피 스타벅스 더블 샷,https://image.istarbucks.co.kr/upload/store/skuimg/2015/08/[110611]_20150813220251546.jpg
클래식 아포가토,https://image.istarbucks.co.kr/upload/store/skuimg/2018/07/[9200000001631]_20180726125701682.jpg
헤이즐넛 스타벅스 더블 샷,https://image.istarbucks.co.kr/upload/store/skuimg/2018/10/[110614]_20181022143713148.jpg
더블 에스프레소 칩 프라푸치노,https://image.istarbucks.co.kr/upload/store/skuimg/2020/04/[9200000002760]_20200416142845155.jpg
블랙 와플칩 크림 프라푸치노,https://image.istarbucks.co.kr/upload/store/skuimg/2020/04/[9200000002745]_20200403132226629.jpg
모카 프라푸치노,https://image.istarbucks.co.kr/upload/store/skuimg/2015/08/[168004]_20150813221231839.jpg
에스프레소 프라푸치노,https://image.istarbucks.co.kr/upload/store/skuimg/2015/08/[168007]_20150813222212580.jpg
자바 칩 프라푸치노,https://image.istarbucks.co.kr/upload/store/skuimg/2015/08/[168016]_20150813231001795.jpg
카라멜 프라푸치노,https://image.istarbucks.co.kr/upload/store/skuimg/2015/08/[168010]_20150813220355957.jpg
화이트 초콜릿 모카 프라푸치노,https://image.istarbucks.co.kr/upload/store/skuimg/2015/08/[168013]_20150806153343152.jpg
바닐라 크림 프라푸치노,https://image.istarbucks.co.kr/upload/store/skuimg/2015/08/[168054]_20150813220927225.jpg
제주 까망 크림 프라푸치노,https://image.istarbucks.co.kr/upload/store/skuimg/2019/02/[9200000002088]_20190221165617615.jpg
제주 쑥떡 크림 프라푸치노,https://image.istarbucks.co.kr/upload/store/skuimg/2019/02/[9200000002090]_20190221165833026.jpg
제주 유기농 말차로 만든 크림 프라푸치노,https://image.istarbucks.co.kr/upload/store/skuimg/2019/12/[9200000002502]_20191227095721734.jpg
제주 청보리 크림 프라푸치노,https://image.istarbucks.co.kr/upload/store/skuimg/2020/02/[9200000002668]_20200220135328813.jpg
초콜릿 크림 칩 프라푸치노,https://image.istarbucks.co.kr/upload/store/skuimg/2015/08/[168066]_20150806163214398.jpg
피스타치오 크림 프라푸치노,https://image.istarbucks.co.kr/upload/store/skuimg/2020/04/[9200000002763]_20200416143004017.jpg
화이트 딸기 크림 프라푸치노,https://image.istarbucks.co.kr/upload/store/skuimg/2019/04/[9200000002161]_20190423145431273.jpg
화이트 타이거 프라푸치노,https://image.istarbucks.co.kr/upload/store/skuimg/2019/07/[9200000002403]_20190711125729583.jpg
망고 패션 후르츠 블렌디드,https://image.istarbucks.co.kr/upload/store/skuimg/2016/09/[167004]_20160902191636876.jpg
딸기 요거트 블렌디드,https://image.istarbucks.co.kr/upload/store/skuimg/2016/04/[9200000000044]_20160415132044350.jpg
망고 바나나 블렌디드,https://image.istarbucks.co.kr/upload/store/skuimg/2015/07/[169001]_20150723022552783.jpg
익스트림 티 블렌디드,https://image.istarbucks.co.kr/upload/store/skuimg/2019/07/[9200000002404]_20190711125823564.jpg
자몽 셔벗 블렌디드,https://image.istarbucks.co.kr/upload/store/skuimg/2019/04/[9200000002153]_20190423145048056.jpg
제주 레드 빈 블렌디드,https://image.istarbucks.co.kr/upload/store/skuimg/2020/02/[9200000002671]_20200220135607970.jpg
제주 한라봉 블랙 티 블렌디드,https://image.istarbucks.co.kr/upload/store/skuimg/2020/02/[9200000002673]_20200220135746232.jpg
피치 & 레몬 블렌디드,https://image.istarbucks.co.kr/upload/store/skuimg/2020/04/[9200000002766]_20200416143123638.jpg
매직 팝 스플래쉬 피지오,https://image.istarbucks.co.kr/upload/store/skuimg/2019/07/[9200000002402]_20190711125640433.jpg
블랙 티 레모네이드 피지오,https://image.istarbucks.co.kr/upload/store/skuimg/2016/09/[107025]_20160905095924499.jpg
쿨 라임 피지오,https://image.istarbucks.co.kr/upload/store/skuimg/2015/08/[107051]_20150804111927300.jpg
패션 탱고 티 레모네이드 피지오,https://image.istarbucks.co.kr/upload/store/skuimg/2016/09/[107031]_20160905102946365.jpg
핑크 자몽 피지오,https://image.istarbucks.co.kr/upload/store/skuimg/2018/06/[9200000001321]_20180601160716804.jpg
피치 젤리 핫 티,https://image.istarbucks.co.kr/upload/store/skuimg/2020/04/[9200000002754]_20200403132406524.jpg
피치 젤리 아이스 티,https://image.istarbucks.co.kr/upload/store/skuimg/2020/04/[9200000002757]_20200403132717643.jpg
그랜마 애플 블랙 티,https://image.istarbucks.co.kr/upload/store/skuimg/2018/12/[9200000001929]_20181226180215735.jpg
라임 패션 티,https://image.istarbucks.co.kr/upload/store/skuimg/2019/01/[9200000001931]_20190114160428938.jpg
민트 블렌드 티,https://image.istarbucks.co.kr/upload/store/skuimg/2016/09/[4004000000056]_20160905095218258.jpg
아이스 그랜마 애플 블랙 티,https://image.istarbucks.co.kr/upload/store/skuimg/2018/12/[9200000001930]_20181226180250802.jpg
아이스 라임 패션 티,https://image.istarbucks.co.kr/upload/store/skuimg/2019/01/[9200000001933]_20190114160516770.jpg
아이스 민트 블렌드 티,https://image.istarbucks.co.kr/upload/store/skuimg/2016/09/[4004000000059]_20160905100053415.jpg
아이스 유스베리 티,https://image.istarbucks.co.kr/upload/store/skuimg/2016/09/[9200000000229]_20160905094710340.jpg
아이스 유자 민트 티,https://image.istarbucks.co.kr/upload/store/skuimg/2019/10/[9200000002574]_20191024172411435.jpg
아이스 잉글리쉬 브렉퍼스트 티,https://image.istarbucks.co.kr/upload/store/skuimg/2016/09/[4004000000019]_20160905100755199.jpg
아이스 제주 유기 녹차,https://image.istarbucks.co.kr/upload/store/skuimg/2016/09/[400400000094]_20160905100927563.jpg
아이스 차이 티,https://image.istarbucks.co.kr/upload/store/skuimg/2016/09/[4004000000049]_20160905101031293.jpg
아이스 캐모마일 블렌드 티,https://image.istarbucks.co.kr/upload/store/skuimg/2016/09/[4004000000079]_20160905101225299.jpg
아이스 히비스커스 블렌드 티,https://image.istarbucks.co.kr/upload/store/skuimg/2016/09/[4004000000069]_20160905101347323.jpg
유스베리 티,https://image.istarbucks.co.kr/upload/store/skuimg/2016/09/[9200000000226]_20160902191950457.jpg
유자 민트 티,https://image.istarbucks.co.kr/upload/store/skuimg/2019/10/[9200000002572]_20191024172324356.jpg
잉글리쉬 브렉퍼스트 티,https://image.istarbucks.co.kr/upload/store/skuimg/2016/09/[4004000000016]_20160905101803555.jpg
자몽 허니 블랙 티,https://image.istarbucks.co.kr/upload/store/skuimg/2016/08/[9200000000187]_20160831101015864.jpg
제주 유기 녹차,https://image.istarbucks.co.kr/upload/store/skuimg/2016/09/[400400000091]_20160905101907097.jpg
차이 티,https://image.istarbucks.co.kr/upload/store/skuimg/2016/09/[4004000000046]_20160905102520559.jpg
캐모마일 블렌드 티,https://image.istarbucks.co.kr/upload/store/skuimg/2016/09/[4004000000076]_20160905102720278.jpg
히비스커스 블렌드 티,https://image.istarbucks.co.kr/upload/store/skuimg/2016/09/[4004000000066]_20160905103109675.jpg
말차 레모네이드 프로즌 티,https://image.istarbucks.co.kr/upload/store/skuimg/2020/04/[9200000002948]_20200410105102988.jpg
아이스 자몽 허니 블랙 티,https://image.istarbucks.co.kr/upload/store/skuimg/2016/08/[9200000000190]_20160831101044745.jpg
패션 푸르트 칵테일 티,https://image.istarbucks.co.kr/upload/store/skuimg/2020/04/[9200000002949]_20200410105319176.jpg
그랜마 애플 블랙 밀크 티,https://image.istarbucks.co.kr/upload/store/skuimg/2019/10/[9200000002568]_20191024172150500.jpg
돌체 블랙 밀크 티,https://image.istarbucks.co.kr/upload/store/skuimg/2019/10/[9200000002564]_20191024172011813.jpg
아이스 그랜마 애플 블랙 밀크 티,https://image.istarbucks.co.kr/upload/store/skuimg/2019/10/[9200000002570]_20191024172240712.jpg
아이스 돌체 블랙 밀크 티,https://image.istarbucks.co.kr/upload/store/skuimg/2019/10/[9200000002566]_20191024172100816.jpg
아이스 제주 유기농 말차로 만든 라떼,https://image.istarbucks.co.kr/upload/store/skuimg/2019/12/[9200000002499]_20191227100221307.jpg
아이스 차이 티 라떼,https://image.istarbucks.co.kr/upload/store/skuimg/2015/08/[135612]_20150813231332047.jpg
제주 유기농 말차로 만든 라떼,https://image.istarbucks.co.kr/upload/store/skuimg/2019/12/[9200000002496]_20191227100637680.jpg
차이 티 라떼,https://image.istarbucks.co.kr/upload/store/skuimg/2016/09/[135608]_20160905102333344.jpg
시그니처 핫 초콜릿,https://image.istarbucks.co.kr/upload/store/skuimg/2015/08/[72]_20150813231821724.jpg
아이스 시그니처 초콜릿,https://image.istarbucks.co.kr/upload/store/skuimg/2015/07/[110621]_20150723005650081.jpg
플러피 판다 핫 초콜릿,https://image.istarbucks.co.kr/upload/store/skuimg/2019/12/[9200000002594]_20191212184806553.jpg
매직 윈터 트로피컬 핫 펀치,https://image.istarbucks.co.kr/upload/store/skuimg/2019/12/[9200000002595]_20191212184851924.jpg
스팀 우유,https://image.istarbucks.co.kr/upload/store/skuimg/2015/07/[17]_20150723005119481.jpg
아이스 라임 플로터,https://image.istarbucks.co.kr/upload/store/skuimg/2017/02/[9200000000429]_20170220161700272.jpg
아이스 오렌지 플로터,https://image.istarbucks.co.kr/upload/store/skuimg/2017/02/[9200000000428]_20170220161626329.jpg
아이스 제주 까망 라떼,https://image.istarbucks.co.kr/upload/store/skuimg/2018/04/[9200000001302]_20180418152834948.jpg
아이스 제주 레드 빈 라떼,https://image.istarbucks.co.kr/upload/store/skuimg/2020/02/[9200000002670]_20200220135516783.jpg
아이스 제주 청보리 라떼,https://image.istarbucks.co.kr/upload/store/skuimg/2020/02/[9200000002667]_20200220135233846.jpg
우유,https://image.istarbucks.co.kr/upload/store/skuimg/2015/07/[18]_20150723002143131.jpg
제주 까망 라떼,https://image.istarbucks.co.kr/upload/store/skuimg/2018/04/[9200000001301]_20180418152720660.jpg
제주 레드 빈 라떼,https://image.istarbucks.co.kr/upload/store/skuimg/2020/02/[9200000002669]_20200220135416447.jpg
제주 쑥쑥 라떼,https://image.istarbucks.co.kr/upload/store/skuimg/2019/02/[9200000002089]_20190221165720118.jpg
제주 청보리 라떼,https://image.istarbucks.co.kr/upload/store/skuimg/2020/02/[9200000002666]_20200220135145724.jpg
레드 선라이즈 270ML,https://image.istarbucks.co.kr/upload/store/skuimg/2019/06/[9300000002118]_20190626102229649.jpg
옐로우 패션 270ML,https://image.istarbucks.co.kr/upload/store/skuimg/2019/06/[9300000002119]_20190626102349277.jpg
파인 그린 270ML,https://image.istarbucks.co.kr/upload/store/skuimg/2019/06/[9300000002117]_20190626101849016.jpg
딸기주스 190ML,https://image.istarbucks.co.kr/upload/store/skuimg/2019/06/[5210008070]_20190627152902132.jpg
망고주스 190ML,https://image.istarbucks.co.kr/upload/store/skuimg/2019/06/[5210008061]_20190627152423110.jpg
수박주스 190ML,https://image.istarbucks.co.kr/upload/store/skuimg/2019/06/[9300000002115]_20190626101440361.jpg
케일&사과주스 190ML,https://image.istarbucks.co.kr/upload/store/skuimg/2019/06/[5210008072]_20190627153051152.jpg
토마토주스 190ML,https://image.istarbucks.co.kr/upload/store/skuimg/2019/06/[5210008074]_20190627153254154.jpg
한라봉주스 190ML,https://image.istarbucks.co.kr/upload/store/skuimg/2019/06/[5210008055]_20190627152214722.jpg
햇사과 주스 190ML,https://image.istarbucks.co.kr/upload/store/skuimg/2019/12/[9300000002565]_20191205134634839.jpg
블루베리 요거트 190ML,https://image.istarbucks.co.kr/upload/store/skuimg/2019/06/[5210008063]_20190627152600362.jpg
치아씨드 요거트 190ML,https://image.istarbucks.co.kr/upload/store/skuimg/2019/06/[5210008064]_20190627152728521.jpg
